{
    "dc_per_class_pp_all": {
        "1": 0.8956437464275313,
        "10": 0.7670636105573216,
        "11": 0.0,
        "2": 0.7184624256314749,
        "3": 0.7196197459151938,
        "4": 0.705240249612749,
        "5": 0.7598927550230028,
        "6": 0.9638619530791415,
        "7": 0.8287730970618366,
        "8": 0.9034616088160434,
        "9": 0.8476578054463872
    },
    "dc_per_class_pp_per_class": {
        "1": 0.958422881667321,
        "10": 0.7526020258202158,
        "11": 0.846374613571595,
        "2": 0.9329170489024593,
        "3": 0.9297753999251557,
        "4": 0.6907656002238578,
        "5": 0.7453462263161419,
        "6": 0.9641329681020413,
        "7": 0.8030465901760504,
        "8": 0.9310619992841848,
        "9": 0.8429612168660012
    },
    "dc_per_class_raw": {
        "1": 0.9561498403388967,
        "10": 0.7686291199985049,
        "11": 0.836326669009272,
        "2": 0.9329188384261078,
        "3": 0.9335599902196372,
        "4": 0.7052209899365646,
        "5": 0.7622810862976523,
        "6": 0.9638586393615232,
        "7": 0.8279098392161767,
        "8": 0.9352311503870291,
        "9": 0.8565582851497704
    },
    "for_which_classes": [
        1,
        11,
        6
    ],
    "min_valid_object_sizes": "None",
    "num_samples": 32,
    "validation_final": "validation_raw_postprocessed",
    "validation_raw": "validation_raw"
}